name,sceneSize,scenario,interaction,avgFrameMs,p50FrameMs,p95FrameMs,p99FrameMs,minFrameMs,maxFrameMs,stdDevFrameMs,numberOfRuns
1_baseline_no_cache,100,STATIC,NONE,140.75929074014698,133.333328,166.66666,222.44443554666645,16.666666,449.999982,0.8477465624294657,3
2_prepared_scene_cache_only,100,STATIC,NONE,21.00868319438885,16.666666,33.333332,44.44444266666667,0.0,233.333324,0.9695631345453347,3
3_draw_cache_only,100,STATIC,NONE,139.73502001736796,133.333328,166.66666,177.88888177333322,16.666666,299.999988,1.6185189308258812,3
4_both_caches,100,STATIC,NONE,20.12914637808958,16.666666,33.333332,44.55555377333323,0.0,149.999994,0.6693002789589583,3
