name,sceneSize,scenario,interaction,avgVsyncMs,p50VsyncMs,p95VsyncMs,p99VsyncMs,minVsyncMs,maxVsyncMs,avgPrepareMs,p50PrepareMs,p95PrepareMs,p99PrepareMs,minPrepareMs,maxPrepareMs,avgDrawMs,p50DrawMs,p95DrawMs,p99DrawMs,minDrawMs,maxDrawMs,stdDevVsyncMs,stdDevPrepareMs,stdDevDrawMs,numberOfRuns,allocatedMB,gcInvocations,cacheHits,cacheMisses,cacheHitRate%,drawCalls
baseline_static_100_noInteraction,100,STATIC,NONE,20.429747568470344,16.666666,33.333332,49.999998,0.0,216.666658,152.53623874415464,153.15006666666667,153.15006666666667,153.15006666666667,0.0,160.9864,10.957322110888482,10.987400000000001,10.987400000000001,10.987400000000001,0.8865,19.7591,0.1102148134116209,9.425781924317501,7.733857393841107,3,9.963541666666666,5,0,3,0.00,1070
baseline_static_100_noInteraction,100,STATIC,NONE,24.15942900467606,22.222221333333334,38.88888733333333,61.11110866666667,0.0,366.666652,187.83784662658653,188.59373333333335,188.59373333333335,188.59373333333335,0.0,295.7361,13.35936533066139,13.383366666666666,13.383366666666666,13.383366666666666,0.5978,25.5735,4.007304509502383,75.49540455066291,10.157381394311761,3,2.9231770833333335,3,0,3,0.00,1070
baseline_static_100_noInteraction,100,STATIC,NONE,21.05321670407488,16.666666,33.333332,49.999998,0.0,199.999992,149.13200454241777,149.73213333333334,149.73213333333334,149.73213333333334,0.0,155.1565,11.542290848363463,11.563266666666665,11.563266666666665,11.563266666666665,1.0327,31.0655,0.29160098708253734,7.414358918430581,13.775373592303758,3,5.5,3,0,3,0.00,1070
baseline_static_100_noInteraction,100,STATIC,NONE,20.585614852371474,16.666666,33.333332,49.999998,0.0,199.999992,151.88801396125552,152.49923333333334,152.49923333333334,152.49923333333334,0.0,155.7356,7.126450367401439,7.109866666666666,7.109866666666666,7.109866666666666,2.6785,22.7108,0.2731650780599288,2.4072960601250375,2.9177841127863466,3,5.953125,4,0,3,0.00,1070
