name,sceneSize,scenario,interaction,avgVsyncMs,p50VsyncMs,p95VsyncMs,p99VsyncMs,minVsyncMs,maxVsyncMs,avgPrepareMs,p50PrepareMs,p95PrepareMs,p99PrepareMs,minPrepareMs,maxPrepareMs,avgDrawMs,p50DrawMs,p95DrawMs,p99DrawMs,minDrawMs,maxDrawMs,stdDevVsyncMs,stdDevPrepareMs,stdDevDrawMs,numberOfRuns,allocatedMB,gcInvocations,cacheHits,cacheMisses,cacheHitRate%,drawCalls
baseline_static_100_none,100,STATIC,NONE,22.04408729458924,16.666666,33.333332,49.999998,0.0,216.666658,167.66290020040003,168.3376,168.3376,168.3376,0.0,168.3376,27.594958917835818,27.5367,27.5367,27.5367,27.5367,42.0723,0.0,0.0,0.0,1,10.9140625,3,0,1,0.00,1070
preparedcache_static_100_none,100,STATIC,NONE,21.710085971943943,16.666666,33.333332,49.999998,0.0,266.666656,200.99895110220325,201.8078,201.8078,201.8078,0.0,201.8078,36.55015971943867,36.4885,36.4885,36.4885,36.4885,51.8726,0.0,0.0,0.0,1,2.765625,4,0,1,0.00,1070
drawcache_static_100_none,100,STATIC,NONE,21.710085971943958,16.666666,33.333332,49.999998,0.0,199.999992,147.38300941883756,147.9761,147.9761,147.9761,0.0,147.9761,23.998457915831857,23.9379,23.9379,23.9379,23.9379,39.0471,0.0,0.0,0.0,1,2.0859375,5,0,1,0.00,1070
